user,created_at,text
ilhamdatha,Sat Oct 21 22:51:39 +0000 2017,"Menjadi santri adalah meneladani Indonesia. Termasuk, ndherek dawuh dan ngangsu ilmu kepada? https://t.co/9A4acjAF8q"
ReinaAmelia,Sat Oct 21 22:29:01 +0000 2017,With Vena and Toriq at SMP Islam Al Azhar 29 BSB ? https://t.co/4RVA3Fhnoh
eLLakOEn,Sat Oct 21 22:22:28 +0000 2017,At Gereja Katedral - Santa Perawan Maria Ratu Rosario Suci [pic] ? https://t.co/zkHjWNDTDg
rzkkhoirunnisa,Sat Oct 21 21:53:24 +0000 2017,percayalah kita itu pendiam ? @ Warung Upnormal Semarang https://t.co/v8cl4P7BiZ
SemarangID,Sat Oct 21 21:04:40 +0000 2017,"at 4:04am:
few clouds -&gt; clear sky
temperature down 19?C -&gt; 18?C"
inuk_blazer,Sat Oct 21 19:09:27 +0000 2017,Listen To Your Heart (Live from Santiago 2012) by Roxette (at Noormans Hotel Semarang) ? https://t.co/1x6WUWlUab
AnggietWyka,Sat Oct 21 18:46:45 +0000 2017,At @kfcindonesia ? https://t.co/1O6VkYfds1
muftidakota,Sat Oct 21 18:44:09 +0000 2017,With Eva and Aziiee at Wishbone Bar ? https://t.co/TT8RcDLAlC
hendhans,Sat Oct 21 18:43:30 +0000 2017,"(5)
Graduation ceremony ?
Dia adalah salah satu orang yang sudah mensupport dalam pengerjaan? https://t.co/uquMLxC3qV"
hendhans,Sat Oct 21 18:40:44 +0000 2017,"(4)
Graduation ceremony
Partner in crime. Dia juga salah satu orang yg selalu memberi support? https://t.co/ByOVqUyUXg"
hendhans,Sat Oct 21 18:36:28 +0000 2017,"(3)
Graduation ceremony ?
Dia sudah aku anggap sebagai kakak yg selalu saling support satu sama? https://t.co/T8gijv4dvC"
hendhans,Sat Oct 21 18:33:27 +0000 2017,"(2)
Graduation ceremony ?
Partner in crime selama mengerjakan skripsi ? #wisuda #unipma? https://t.co/1DvqAy4f57"
prina_anggita,Sat Oct 21 18:22:20 +0000 2017,At Ibis Hotel ? https://t.co/dPMVQw66H3
emajpp,Sat Oct 21 18:14:56 +0000 2017,"""Well let us realize that a change can only come, When we stand together as one."" -We Are The? https://t.co/jY3U4dIqR2"
NhuryBeatjunk,Sat Oct 21 18:11:00 +0000 2017,At E-Lounge ? https://t.co/BYKh1AScj0
emajpp,Sat Oct 21 17:59:23 +0000 2017,"""Well let us realize that a change can only come, When we stand together as one."" -We Are The? https://t.co/vZtkAKOeSV"
emajpp,Sat Oct 21 17:52:03 +0000 2017,"""Well let us realize that a change can only come, When we stand together as one."" -We Are The? https://t.co/xc3kHa01G0"
emajpp,Sat Oct 21 17:43:22 +0000 2017,"""Well let us realize that a change can only come, When we stand together as one."" -We Are The? https://t.co/gdV6pVcop3"
Mh_Elbiy,Sat Oct 21 17:38:57 +0000 2017,"Selamat hari santri [ Zaman now ] 
Semoga kita selalu bisa menjaga adab dan tata krama,? https://t.co/ocA44kD06J"
_indahwulansari,Sat Oct 21 17:14:34 +0000 2017,With sheryl at Sma N 11 Semarang [vid] ? https://t.co/Nvy6WmM7Ne
yoga_ganang,Sat Oct 21 17:04:20 +0000 2017,At Kopi Klothok Pak Sadar Ungaran [pic] ? https://t.co/UMVvfHiE9I
SemarangID,Sat Oct 21 16:58:59 +0000 2017,"temperature down 25?C -&gt; 19?C
humidity up 88% -&gt; 100%"
R_dibesarin,Sat Oct 21 16:34:54 +0000 2017,"APAKAH pemimpin harus tinggi, berkulit putih, tajir, berjalan tegap, sexy, bodygoals dan? https://t.co/y2LJ0YF6TH"
mansyur_ali,Sat Oct 21 16:26:55 +0000 2017,"Keringat malam.. 
#specs 
#rowndvsn @ Master Futsal Stadium,Mranggen https://t.co/ibgeGQlIE6"
sieboyputra,Sat Oct 21 16:15:13 +0000 2017,At Markaz Bar &amp; Kitchen ? https://t.co/3nD0FBozsj
raden_pur,Sat Oct 21 16:13:50 +0000 2017,At @mykopio ? https://t.co/x3K1EP96nS
aziezleo,Sat Oct 21 16:13:18 +0000 2017,"Satnight with little family ????

#satnight #love #family #instagram #instalike #linstamood? https://t.co/ilP90qtXiZ"
Naqoy,Sat Oct 21 16:13:00 +0000 2017,"1. Para santri dari tiga provinsi berkumpul yaitu dari Jawa Timur, Jawa Tengah dan DIY untuk? https://t.co/xV4Innlhjp"
SompretID,Sat Oct 21 16:11:32 +0000 2017,"Life is short, time is fast, no replay, no rewind. So enjoy every moment as it comes ? @ Banyumanik https://t.co/Ia1DwqB3Bt"
akriswanto,Sat Oct 21 16:00:50 +0000 2017,"With Rico at Han's kopi Peleburan , Semarang ? https://t.co/Fl2xjZ7whW"
TARYOKOLANJAR,Sat Oct 21 15:59:22 +0000 2017,Terima kasih #bluesky grandedgehotel . Selamat atas soft opening ini... viewnya bagus bangettt..? https://t.co/golXjeuOxq
martinsilalahi,Sat Oct 21 15:53:53 +0000 2017,"With Maqin, Yosie, and Nia at UTC Convention Hotel Semarang [pic] ? https://t.co/LmbQRFtRrN"
Cla_tweets,Sat Oct 21 15:50:07 +0000 2017,"Some women fear the fire
Some women simply become it 
? #LieGirlsSquad

Happy birthday? https://t.co/HKzyP4taDX"
fadhil_gaza,Sat Oct 21 15:43:25 +0000 2017,At Hall Room Hotel UTC Semarang [vid] ? https://t.co/yBnJyyQH9t
RonaldoRaimon,Sat Oct 21 15:41:45 +0000 2017,At Ferris Club Wheel And Coffee Citra Grand City Of Festival ? https://t.co/iaH5XtPlVF
14rindra,Sat Oct 21 15:40:25 +0000 2017,At Eat Boss ? https://t.co/HHfTYnv7AF
Anyun23,Sat Oct 21 15:27:35 +0000 2017,At @transmartcarre4 ? https://t.co/shh7toPVQb
aphgan,Sat Oct 21 15:24:36 +0000 2017,"Weddanniversary H+1 
Simple, ga pake lilin ato bunga yang penting bareng

#starbucksindonesia? https://t.co/Sa3MM5dc4z"
drinkyourtea_,Sat Oct 21 15:22:47 +0000 2017,"??? ????~~ ??? 

Artinya : biar jelek asal ngehitzzzz ??? @ Bigbox one stop culinary spot https://t.co/L66i0DmCNH"
ninna_izwan,Sat Oct 21 15:20:40 +0000 2017,"Roadshow Exhibition New MU-X 2017 #part2 ???
.
.
.
.
.
#mc #masterofceremony #mcsemarang? https://t.co/kY3knWEKLj"
haniaa_,Sat Oct 21 15:19:45 +0000 2017,"Kembali ke tempat yg sama, dengan orang yg sama dan (masih) dengan perasaan yg sama ? *apasih? https://t.co/sbCGRWXKwO"
osieosdunkz,Sat Oct 21 15:19:11 +0000 2017,With Ery at @mukticafe ? https://t.co/XoVbHFLLa3
Riz_Evans,Sat Oct 21 15:07:02 +0000 2017,At Warung kopi taman kb ? https://t.co/XeLa5fGtNh
watie_guptadi,Sat Oct 21 15:06:06 +0000 2017,At Simpang Lima Semarang [vid] ? https://t.co/AhZDU0CYuQ
Febrian17Kevin,Sat Oct 21 15:00:22 +0000 2017,"Musuh terbesar rindu itu bukan jarak,tapi gengsi @ Louis Kienne? https://t.co/q4EiQhxnCL"
Febrian17Kevin,Sat Oct 21 15:00:22 +0000 2017,"Musuh terbesar rindu itu bukan jarak,tapi gengsi @ Louis Kienne? https://t.co/q4EiQhxnCL"
UlgadUngaran,Sat Oct 21 14:54:56 +0000 2017,"CALCIO DAY !!!
FOOTBALL FAMILY 
-
FRIENDLY MATCH ?
? MIs089 vs M FC
? Minggu 22 Oktober '17
?? https://t.co/FyvWOE9DHR"
watie_guptadi,Sat Oct 21 14:54:56 +0000 2017,naek becak...siliiiiirrrrr ? @ Simpang Lima Semarang https://t.co/mqH6TYVJWA
yudhi_gunners,Sat Oct 21 14:53:45 +0000 2017,At Scoops &amp; My Story Bistro ? https://t.co/n3OdWcbnoe
ariefsetyo,Sat Oct 21 14:49:53 +0000 2017,"With MM, Mardhy, and 2 others at Seafood NGGEMESKE Kerang &amp; Kepiting ? https://t.co/u6HlLj1Nwy"
NurFaiq13,Sat Oct 21 14:47:26 +0000 2017,At Spesial Jagung Bakar Serut Modern ? https://t.co/4xtSKphxM3
UlgadUngaran,Sat Oct 21 14:44:01 +0000 2017,"?? MILAN DAY !!!
Serie A Giornata 9?
-
AC MILAN vs GENOA
? Minggu 22 Oktober 2017
? OG.19:30? https://t.co/9J5uqjzqQg"
melindaafn,Sat Oct 21 14:40:46 +0000 2017,With Fenty Dwi at @clsemarang ? https://t.co/Ix3YJlhSFK
pradirgo,Sat Oct 21 14:37:14 +0000 2017,At @semarangnovotel ? https://t.co/YFdXkKsDFY
aburamiza,Sat Oct 21 14:34:12 +0000 2017,"Butuhnya manusia akan ilmu 
#ilmu #pentingnyailmu #menuntutilmusyari @ Karangmanyar, Kalimanah,? https://t.co/EUXyKa49YF"
westu_an_angel,Sat Oct 21 14:31:25 +0000 2017,"With Ibnu, Retno, and 2 others at @transmartcarre4 [pic] ? https://t.co/roYkNI53IN"
anatolyafitri,Sat Oct 21 14:30:52 +0000 2017,"Just posted a photo @ Pantai Sadranan,Yogyakarta https://t.co/1n6qUJVXiy"
aburamiza,Sat Oct 21 14:24:42 +0000 2017,"Butuh keteladanan 
#anak #pendidikananak #tarbiyatulaulad #mendidikanak @ Karangmanyar,? https://t.co/7AuMeiGKCe"
lup_pi,Sat Oct 21 14:22:25 +0000 2017,Watching Geostorm (with Andrea and Marshela at E-Plaza cinema) ? https://t.co/p1k3CDQl1i
EWINK_IMMANUEL,Sat Oct 21 14:21:44 +0000 2017,"Tugas hari ini
Was done ? @ Pudakpayung-Kulon, Jawa Tengah, Indonesia https://t.co/SG0Zvl0NF9"
NurFaiq13,Sat Oct 21 14:20:27 +0000 2017,At Sate Kambing &amp; Bistik Pak Man ? https://t.co/fQwvcSwfIC
AqsalsaSS,Sat Oct 21 14:10:57 +0000 2017,With cibi at @kfcindonesia ? https://t.co/oUmFKz6Cdp
iqbal_dawn,Sat Oct 21 14:10:25 +0000 2017,"Bumbu candaan ??? by fajarwijianto ???
.
.
.
#komikinajah @ Universitas Negeri Semarang [UNNES] https://t.co/HjhlxGo1jv"
AqsalsaSS,Sat Oct 21 14:09:57 +0000 2017,With cibi at Food Fair ? https://t.co/pJHbh7TNpA
Rizald_Diiee,Sat Oct 21 14:08:44 +0000 2017,At ?????????? ? https://t.co/vnESbtdhRN
feimaintan,Sat Oct 21 14:06:00 +0000 2017,"Candu ? @ Pantai Sadranan,Yogyakarta https://t.co/KEoBYItWf3"
MSMujab22,Sat Oct 21 14:03:48 +0000 2017,"Saya Mujab, ulang tahun ke-22 ini saya ingin mengajak kamu semua mempersembahkan hadiah lapangan? https://t.co/ua5TSx5YQV"
AqsalsaSS,Sat Oct 21 14:01:34 +0000 2017,With cibi at Johnny Andrean Salon ? https://t.co/azQcj3SjKU
AqsalsaSS,Sat Oct 21 13:59:47 +0000 2017,With cibi at Gelael Supermarket ? https://t.co/R8kMawlT45
infokampusnews,Sat Oct 21 13:59:41 +0000 2017,".
Keren! Robot Terbang Mahasiswa UNNES Ini SIap Berkompetisi di Ajang KRTI 2017

https://t.co/P3WXuWRZlo? https://t.co/nXvmcsPJBS"
AqsalsaSS,Sat Oct 21 13:57:16 +0000 2017,With cibi at @clsemarang ? https://t.co/qA1E8Jy738
estywiha,Sat Oct 21 13:56:36 +0000 2017,At Joy Juice Bar &amp; Coffee [pic] ? https://t.co/dp96ma1T6c
kjuliaaa_,Sat Oct 21 13:55:46 +0000 2017,At Papan Kitchen &amp; Co-Working ? https://t.co/OiDqYM2TNs
Rizky059,Sat Oct 21 13:52:29 +0000 2017,Don't cry about love https://t.co/5j5hVucdHS
novitanissa,Sat Oct 21 13:52:02 +0000 2017,At @blackbonecoffee ? https://t.co/PiLUfin4dH
RaRatihSamboja,Sat Oct 21 13:47:49 +0000 2017,"Suka nonton drama korea tu bikin galau deh ? pas perannya tentara, jd pengen punya pacar tentara? https://t.co/B4R1ajfaNf"
stefanivina,Sat Oct 21 13:43:10 +0000 2017,At Nasi Ayam Kremes Pak Bambang ? https://t.co/8AZajIOcYq
DinQo,Sat Oct 21 13:37:35 +0000 2017,"With anggakusumadewi, Zenita, and Galih at Hanamasa - Semarang [pic] ? https://t.co/QAKaofmZxa"
abdul421s,Sat Oct 21 13:33:17 +0000 2017,"The greatest adventure is what lies ahead. Never give up ?
.
.
#selfreminder #quotesoftheday? https://t.co/2VJVNTGO3Q"
vithasyarii,Sat Oct 21 13:25:55 +0000 2017,At Han's kopi ? https://t.co/jhmv6Fisw7
adhitia1897,Sat Oct 21 13:23:51 +0000 2017,Seeeeppiii...Huft
Rara_IQ,Sat Oct 21 13:22:08 +0000 2017,With nothing at KFC [pic] ? https://t.co/drIL6jyeNv
rickyjayas,Sat Oct 21 13:21:37 +0000 2017,At Starbucks Ciputra Semarang [pic] ? https://t.co/wiI1ktl2cK
megaadeliam,Sat Oct 21 13:19:30 +0000 2017,With Desy at Mie Clubbing ? https://t.co/HlJiUT35RW
reza_devani,Sat Oct 21 13:19:14 +0000 2017,selamat hari santri @ Jl.pahlawan Kawawan Simpang Lima Semarang https://t.co/InLTWKIx4C
wigRahman,Sat Oct 21 13:13:15 +0000 2017,At Home Sinar Puspita [pic] ? https://t.co/mcoJFwrRQO
gokilz007,Sat Oct 21 13:09:20 +0000 2017,With Reni at Alun-Alun Simpang Lima Semarang [pic] ? https://t.co/Ocrs05ck6h
Alitamey,Sat Oct 21 13:03:54 +0000 2017,With rivadamarahdiat and Dirgantara at Pondok Kopi Umbul Sidomukti [pic] ? https://t.co/V9XC9FuARQ
habibrchmn,Sat Oct 21 13:01:25 +0000 2017,#harisantri2017 #simpanglima #semarang #keyboard @ Simpang Lima Semarang https://t.co/qBz2OSIOtF
pman_FTD,Sat Oct 21 12:54:50 +0000 2017,"Re [ lax ]
.
.
.
.
.
.
.
.
.
.
.
.
.
.
.
#instagood #instalike #instanusantara #instamood #tbt? https://t.co/DfBrynREuI"
uzirock13oy,Sat Oct 21 12:38:02 +0000 2017,"With rizqi, Natalia, and Indah at Eling Bening Resto And Cafe [pic] ? https://t.co/QhhETtW0iy"
LalaLaksita,Sat Oct 21 12:33:34 +0000 2017,With fardilla at Hall Room Hotel UTC Semarang [pic] ? https://t.co/az9Ad2cPa2
RomoFarano,Sat Oct 21 12:31:27 +0000 2017,At Monodhuis [pic] ? https://t.co/rCZUXDyq2Y
yulindatw,Sat Oct 21 12:31:05 +0000 2017,"Banyak cerita 3 bulan disini, walaupun kerjaan seabreg...
.
entah? https://t.co/VeU1YgXeBh"
afnimudz,Sat Oct 21 12:29:37 +0000 2017,"Road to HSN 2017, with RM Squad ?
.
ponpesaskhabulkahfi
@alasantri? https://t.co/wN9pmJOqne"
ayuariana_r,Sat Oct 21 12:25:28 +0000 2017,"""Tetaplah bahagia meski kita harus lebih banyak menabung rindu yang terasa"" @ Transmart Setia? https://t.co/EBLqL3vxkX"
ayuariana_r,Sat Oct 21 12:18:02 +0000 2017,"""Tetaplah bahagia meski kita harus lebih banyak menabung rindu yang terasa"" @ Transmart Setia? https://t.co/3PpQZ8BZzi"
Septian_Dwi_R,Sat Oct 21 12:16:47 +0000 2017,"Aku masih seperti yang dulu...
Menunggumu sampai akhir hidupku...
Kesetiaanku tak luntur...
Hati? https://t.co/7IjpB8HtBP"
anndts,Sat Oct 21 12:13:31 +0000 2017,#tumblrday2 ?? (@ Starbucks Mall Ciputra) https://t.co/Xo3nux5f1H https://t.co/Eo5sFjytET
Nannraa,Sat Oct 21 12:12:26 +0000 2017,"Selamat malam Indonesia!

Tidak terasa Semarak Indonesia tinggal 7 hari lagi. ???
Masih ada? https://t.co/D8TjfPjUcR"
anggakba,Sat Oct 21 12:07:17 +0000 2017,With Lina at H?agen Dazs [vid] ? https://t.co/ontL7FovsU
nurrmacmudi,Sat Oct 21 12:05:57 +0000 2017,At BSB City [pic] ? https://t.co/890areaTU9
anggakba,Sat Oct 21 12:05:55 +0000 2017,With Lina at @paragonsemarang ? https://t.co/C2wH61umQF
PritaniaDA,Sat Oct 21 12:02:07 +0000 2017,"With Naily, Nafa, and 2 others at Kopi Mendhut ? https://t.co/xjZaTW1ITm"
legendsemarang,Sat Oct 21 12:01:18 +0000 2017,"[ OFFICIAL TIKETBOX]
?
LAWBILLITY #2 INNOSENSE
Are you ready for Lawbillity#2 ?
? Guest Stars? https://t.co/hqFLIAgBqi"
Rhenny_NR,Sat Oct 21 11:50:32 +0000 2017,"With Immanuel, BossDN, and Nyonya DN at Angkringan Polke ? https://t.co/6DqNGKLkLq"
Ilhamyhy12,Sat Oct 21 11:49:53 +0000 2017,"Keluarga tak perlu sedarah ?
Kami disatukan oleh jarak, iya jarak, jarak kita terhadap keluarga? https://t.co/HV0M1vXMG4"
astuti_purwa,Sat Oct 21 11:48:25 +0000 2017,"Kerjaan kalo lagi gabut di sela-sela praktikum mikrobiologi *ehh ??
#ltpstd @ Laboratorium? https://t.co/R7k3QXgNUr"
joDickyjo,Sat Oct 21 11:44:17 +0000 2017,"Ratu yang diangkat ke surga doakanlah kami
#katolik #katolikindonesia #goamaria #goamariakerep? https://t.co/MwNwMNfq0D"
KiddrockDavid,Sat Oct 21 11:36:57 +0000 2017,"Terimakasih kedua orangtuaku untuk suport dan semua yang telah kalian berikan, semoga aku bisa? https://t.co/JJvWslNKXG"
DzakyTalikolor,Sat Oct 21 11:36:54 +0000 2017,"Cuma olahraga kok ?
#muaythai #fightermuaythai #nagaulung @? https://t.co/IJFcBaG22p"
de_vijnt,Sat Oct 21 11:36:35 +0000 2017,"I'm at Ahmad Yani International Airport - @srg_ap1 in Semarang, Jawa Tengah https://t.co/O0w2kW1Fkn"
anggo15,Sat Oct 21 11:33:39 +0000 2017,"Terkadang yang susah dilupain malah udah bahagia sama yang lain~ ??
.
.
in frame : febrip56? https://t.co/nyVSgEsGY6"
mungkiyogos,Sat Oct 21 11:26:06 +0000 2017,Maghrib di Jatisari @ Lapangan Jatisari Mijen Semarang https://t.co/bfdBPjdP2d
kjuliaaa_,Sat Oct 21 11:16:32 +0000 2017,At Gold's Gym Mall Ciputra ? https://t.co/r635M2j7nS
nindarachma17,Sat Oct 21 11:13:52 +0000 2017,Meninggalkan semua kenangan disini  ?? @ Tarubudaya Ungaran https://t.co/k6iJmrhG2g
bangkitandry,Sat Oct 21 11:13:48 +0000 2017,With Frieda at @sbuxindonesia ? https://t.co/MT8nLck90i
4metZ,Sat Oct 21 11:07:17 +0000 2017,Another Trip for 1st day @ Lawang Sewu https://t.co/eWXWUEPY1e
Zhanto_Moyzrano,Sat Oct 21 11:01:43 +0000 2017,"Thx, cause has colored this video.
So many experience in 2k17,
And still continued,- @ Life? https://t.co/QDsoW5eAmO"
Liviaivi_,Sat Oct 21 10:58:46 +0000 2017,At @transmartcarre4 ? https://t.co/g6sTISk2mp
kikyristi,Sat Oct 21 10:58:40 +0000 2017,"Gabut pas seminar tadi pagi,?
.
.
.
#mahasiswa #mahasiswasmg #mahasiswaupgris #hidupmahasiswa? https://t.co/9GB48tLPqI"
novidarahma,Sat Oct 21 10:36:24 +0000 2017,With you at Arfa barbershop ? https://t.co/xX0EQhPwi8
SemarangID,Sat Oct 21 10:35:02 +0000 2017,"current weather in Semarang: few clouds, 25?C
88% humidity, wind 1kmh, pressure 976mb"
reza_devani,Sat Oct 21 10:33:50 +0000 2017,At Jl. Hawa Semarang ? https://t.co/sf0Sur8W4p
SemarangID,Sat Oct 21 10:31:02 +0000 2017,5:31pm: sunset
Daaanti,Sat Oct 21 10:29:43 +0000 2017,Whatcha gon watcha gonna do with that dessert ?? @ De Meat Steak https://t.co/ikMU5WgSZu
astrid_jovanka,Sat Oct 21 10:28:49 +0000 2017,At Uti House [pic] ? https://t.co/P399ExjgbJ
NhuryBeatjunk,Sat Oct 21 10:28:35 +0000 2017,At @srg_ap1 ? https://t.co/7FHGADcKvi
iphanhutahaean,Sat Oct 21 10:26:32 +0000 2017,With Dionysius at RS. St. ELIZABETH Semarang [pic] ? https://t.co/PmdZNYF5eD
astrid_ratna,Sat Oct 21 10:20:54 +0000 2017,"With Bu Vix......arisan soksialitaaaahhh
#ngGergajian
#arisankitaaaaah @ Bigbox one stop? https://t.co/Hp65jHTJfV"
melatikusdew,Sat Oct 21 10:18:38 +0000 2017,Yaahh udah mau malem minggu aja ni
RiekeFadhila,Sat Oct 21 10:10:16 +0000 2017,With Ahmat at Anjungan wisata bandara Ahmad Yani ? https://t.co/LVFQKJkrwD
LilaHazhiya,Sat Oct 21 10:09:01 +0000 2017,At Hotel Ciputra ? https://t.co/5wrSSCKvUp
mimohmimoh,Sat Oct 21 10:01:39 +0000 2017,"ratnasinthia hey kau nan jauh disana, we miss you ?? @ Asrama Putri? https://t.co/trMV5xMCd3"
aemansur,Sat Oct 21 09:40:10 +0000 2017,Baru saja mengirim foto @ MG SETOS HOTEL https://t.co/6m7ytFJY8O
suAdell,Sat Oct 21 09:35:03 +0000 2017,Skya ? &amp; Kian ?. Cukup skyan dan terimakasih.. ??? sintha_ayu? https://t.co/pceXSsqFnD
abednego07,Sat Oct 21 09:33:00 +0000 2017,Playlist lagu operasional hari ini sengaja memilih lagu tembang kenangan dari mas billy joe? https://t.co/O3HuPjeCMk
nand_roo,Sat Oct 21 09:28:09 +0000 2017,"Mandiri Karnaval, Employee Happy Day? #MandiriEmployeeDay #mandirians? https://t.co/pfgm9Uk3Nr"
medina_sf,Sat Oct 21 09:24:40 +0000 2017,At @twitusm [vid] ? https://t.co/Fi6tjnN0Cr
Esa920606,Sat Oct 21 09:22:17 +0000 2017,Karena tidak ada yang dipeluk jadi meluk boneka aja yang bisa dipeluk hahaha ?? @ House Of? https://t.co/YH6mc7gLTk
medina_sf,Sat Oct 21 09:19:48 +0000 2017,At @twitusm [pic] ? https://t.co/secrjSa2T2
medina_sf,Sat Oct 21 09:19:46 +0000 2017,At @twitusm [vid] ? https://t.co/9PafjPrcHE
musik_point,Sat Oct 21 09:15:36 +0000 2017,"Redih gitar boobok
#limitedstock
Original #guitarpoint 
.
Idr:? https://t.co/vRPd8NxG5a"
musik_point,Sat Oct 21 09:14:03 +0000 2017,"Redih gitar boobok
#limitedstock
Original #guitarpoint 
.
Idr:? https://t.co/tMXlQ3sGkC"
musik_point,Sat Oct 21 09:13:11 +0000 2017,"Redih gitar boobok
#limitedstock
Original #guitarpoint 
.
Idr:? https://t.co/pSaquEbwPU"
musik_point,Sat Oct 21 09:12:42 +0000 2017,"Redih gitar boobok
#limitedstock
Original #guitarpoint 
.
Idr:? https://t.co/OQyejYebJH"
musik_point,Sat Oct 21 09:11:08 +0000 2017,"Redih gitar boobok
#limitedstock
Original #guitarpoint 
.
Idr:? https://t.co/3p6e7wRZoB"
naaprilianti,Sat Oct 21 09:08:21 +0000 2017,At @srg_ap1 ? https://t.co/iqSXiquz4T
fadhil_gaza,Sat Oct 21 09:03:59 +0000 2017,At Ballroom UTC [pic] ? https://t.co/M1ycnoCpOi
musik_point,Sat Oct 21 09:02:01 +0000 2017,Just posted a photo @ MUSIC POINT https://t.co/uXmOHxomhU
fenisukoco,Sat Oct 21 08:59:42 +0000 2017,"I love this shake ??
.
.
.
#fenipregnant_story 
#dietbumil 
#dietmulaibesok 
#dietsemarang? https://t.co/5KvM9HJvHU"
ihsannurhadi,Sat Oct 21 08:59:04 +0000 2017,"One Sunny Day at Guangzhou Temple ?? (wkwk ga deng)
?
The Sam Poo Kong Temple, also known as? https://t.co/sKoU3cFVoz"
egijuniar07,Sat Oct 21 08:56:39 +0000 2017,"Mandiri Karnaval Semarang ?
#mandirian @ Semarang jawa tengah https://t.co/wUz51hADyO"
vithasyarii,Sat Oct 21 08:51:40 +0000 2017,With Siti  at @clsemarang ? https://t.co/VskkzT4bIx
astrid_ratna,Sat Oct 21 08:49:24 +0000 2017,"Ternyata uban ngga bisa ditutupi......hahahahahaha
#westuwo
#senyuminajah 
#kalemTid @ Bigbox? https://t.co/U37XXEBXDm"
melindaafn,Sat Oct 21 08:45:10 +0000 2017,With Fenty Dwi at Hotel Pantes By CityOne Semarang ? https://t.co/WkacYrRMHT
anggarinzanie,Sat Oct 21 08:22:51 +0000 2017,"Ingatkah Kita by The Potters (with Kiki The Potters, Abed, and Niko at RRI Semarang) ? https://t.co/UcjpTSMUvQ"
aburamiza,Sat Oct 21 08:21:12 +0000 2017,"Mendidik Anak adalah Jihad 
#anak #mendidikanak #jihad @ Karangmanyar, Kalimanah, Purbalingga,? https://t.co/jPIwhp4Z15"
AndovidaLopez,Sat Oct 21 08:09:24 +0000 2017,Thank you FEB UNDIP Semarang for inviting me as a representative from #SkinnyIndonesian24 to? https://t.co/oUs4E22upn
anitastyaningrm,Sat Oct 21 08:07:20 +0000 2017,At AIRA Skin Clinic ? https://t.co/ltRQ4vljzh
mayrinashima,Sat Oct 21 08:05:50 +0000 2017,At Museum Ronggowarsito [pic] ? https://t.co/fGip2Id5l3
isharliz,Sat Oct 21 08:05:11 +0000 2017,"With Kereta at ""Supercars"" [pic] ? https://t.co/I46pR0YZrK"
Ningnining94,Sat Oct 21 07:59:52 +0000 2017,At Pasar Swalayan ADA ? https://t.co/T7f1017uH5
aninditakumalan,Sat Oct 21 07:59:36 +0000 2017,At Solchic Tembalang ? https://t.co/iOIRrTqXpg
DyrianaBakery,Sat Oct 21 07:58:53 +0000 2017,"Selamat sore sahabat Dyriana bakery&amp;cafe. Ada menu masakan baru dari kami, ?Terong Crispy? https://t.co/Afby8PZHcr"
NanieeWidya,Sat Oct 21 07:52:44 +0000 2017,"Nggeprek sore2.....
@upload_kompakan #uploadkompakan#ukkeluargabarukmb#ayamgeprek#ayampedes @? https://t.co/2RYT7Hskr9"
megaadeliam,Sat Oct 21 07:49:56 +0000 2017,At @santikahotels ? https://t.co/pbrZ3tnOwM
chilla_0401,Sat Oct 21 07:44:32 +0000 2017,"Nemenin yg minggu depan statusnya udah berubah
Ngilangin stress? https://t.co/6AKTPxLU89"
nandadest,Sat Oct 21 07:43:03 +0000 2017,Happy Saturday ?? @ Lawang Sewu Semarang https://t.co/1MjIF5tdvo
abramarry,Sat Oct 21 07:27:39 +0000 2017,"tadi malem pas perform di acara ""Become a Friend"" bersama? https://t.co/1qqooLIDG3"
rizachakartika,Sat Oct 21 07:26:51 +0000 2017,"Dikira sombong, ternyata ramah banget ?
#andovidalopez @ Bandara International Ahmad Yani Semarang https://t.co/3onXzEkbUV"
uLfapetaLs,Sat Oct 21 07:25:01 +0000 2017,"?In the end, only three things matter: How much you loved, how gently you lived, and how? https://t.co/CKVwu3mVor"
LelenKurnia,Sat Oct 21 07:23:59 +0000 2017,At @srg_ap1 ? https://t.co/abLQoc6K8X
Derry_Fahrizal,Sat Oct 21 07:17:02 +0000 2017,"Setiap masa ada pemimpinnya, setiap pemimpin ada masanya...

#yukdukung 

?: @syamimdzdini @? https://t.co/kaYg2vM2mU"
DyrianaBakery,Sat Oct 21 07:15:41 +0000 2017,"Selamat siang sahabat Dyriana bakery&amp;cafe. Ada menu masakan baru dari kami, ?Terong Crispy? https://t.co/e1RRPi4zbv"
M3I_L1NA,Sat Oct 21 07:13:43 +0000 2017,At Jl Kendeng Barat 3 [pic] ? https://t.co/B590gPm61n
liestianti18,Sat Oct 21 07:00:15 +0000 2017,Just posted a photo @ Sam Poo Koong https://t.co/THkX30sCWE
Ningnining94,Sat Oct 21 06:47:27 +0000 2017,At RS William Booth ? https://t.co/68JV21j8Wx
vhieya_Ordinary,Sat Oct 21 06:44:23 +0000 2017,"Mari di Order Kemeja dan Kaos Xpander nya ..  Murah aja ..
nunggu? https://t.co/L5bMZ1LCDD"
Vonnyolabelia,Sat Oct 21 06:42:46 +0000 2017,At Soto Ayam &amp; Ayam Goreng Bangkong ? https://t.co/XVRQUHASQo
virusli,Sat Oct 21 06:42:35 +0000 2017,It was indeed a really fun time with dbsbankid earlier today. We didn?t expect the respected? https://t.co/MvXabu8ekm
SemarangID,Sat Oct 21 06:40:47 +0000 2017,"clear sky -&gt; light rain
temperature up 31?C -&gt; 32?C
humidity up 67% -&gt; 68%"
Yerixx_,Sat Oct 21 06:40:46 +0000 2017,Masih kerjaanya widdalaila . @ Ma'had Walisongo https://t.co/BZi6bynI7M
Aminahsiti192A,Sat Oct 21 06:19:19 +0000 2017,"Temenan yang tadinya masih blepotan belum ngerti makeup, Yang belum? https://t.co/AkXrUN2bdi"
Aminahsiti192A,Sat Oct 21 06:19:19 +0000 2017,"Temenan yang tadinya masih blepotan belum ngerti makeup, Yang belum? https://t.co/AkXrUN2bdi"
Rara_IQ,Sat Oct 21 06:13:13 +0000 2017,"With rida, sassa, and 3 others at @Gelato Matteo [pic] ? https://t.co/ydVUPuFJAc"
FajarSatriyono_,Sat Oct 21 06:03:45 +0000 2017,Panas yaa. Hmm
opa_rofa,Sat Oct 21 06:00:46 +0000 2017,At SMP Pangudi Luhur Domenico Savio ? https://t.co/rCziIuha6W
astrid_jovanka,Sat Oct 21 06:00:03 +0000 2017,"With Tegar, adhi, and 28 others at E-Plaza [pic] ? https://t.co/RUlAHwu9Io"
RaRatihSamboja,Sat Oct 21 05:58:16 +0000 2017,Diet pake ice cream yuk ? klik link https://t.co/aMyzyxIWCc yaa ?#ahligizi #herbalifelombok? https://t.co/56KeW6OI5h
charlienyaxl,Sat Oct 21 05:53:36 +0000 2017,With Charles R Pattipeilohy and Teresa at Kampung Djawa Sekatul [pic] ? https://t.co/gtqMR6faYJ
ayudyaSD,Sat Oct 21 05:50:52 +0000 2017,At @transmartcarre4 ? https://t.co/Fz0GpUazkC
indahrafi3,Sat Oct 21 05:49:19 +0000 2017,With Luqman at GOR Universitas PGRI Semarang ? https://t.co/uvsiMxUosG
medina_sf,Sat Oct 21 05:33:13 +0000 2017,? @ Universitas Semarang https://t.co/jCxuZCmU7l
medina_sf,Sat Oct 21 05:32:10 +0000 2017,Baru saja mengirim foto @ Universitas Semarang https://t.co/Zo2s6c9TKY
ayi_kenz,Sat Oct 21 05:20:06 +0000 2017,Polimer X DONE @ Kenzi Community https://t.co/rNnmL81DXz
Ummiex,Sat Oct 21 05:16:00 +0000 2017,Kegalauan karena ga dapet id card bus tingkat ? @ Jl.Kawi https://t.co/EznBSk3L9a
melatikusdew,Sat Oct 21 04:38:17 +0000 2017,Emang kowe ki raktau ngerti nek ditunggoni.
tomhankz,Sat Oct 21 04:36:53 +0000 2017,At @kai121 ? https://t.co/pBLEWKOK4K
SemarangID,Sat Oct 21 04:22:38 +0000 2017,"current weather in Semarang: clear sky, 31?C
67% humidity, wind 1kmh, pressure 977mb"
herymilanello88,Sat Oct 21 04:20:00 +0000 2017,"Hari Agraria Nasional ke 57
.
#hutagraria57 #biduandangdut #dillanamanya @ BPN Kanwil Prop Jateng https://t.co/BmOi8Sit5W"
Gie_Galih,Sat Oct 21 04:15:16 +0000 2017,Happy goes to wedding my beautiful and the bestest emak ulfameistiyani sakinah mawaddah wa? https://t.co/85vfRGxgDd
Atsuko_Tutik,Sat Oct 21 03:44:16 +0000 2017,Bersyukur....?? https://t.co/rL7b985r6t
leksonoaji,Sat Oct 21 03:43:30 +0000 2017,"_________________
TIDAK PERLU CAPTION
KALIANLAH CAPTIONNYA

o - - - - - - - - - - - - - - - - -? https://t.co/mJbugfs2H4"
kikyristi,Sat Oct 21 03:43:16 +0000 2017,Lalala yeyeye? @ Universitas Negeri Semarang [UNNES] https://t.co/UU2njjtsbf
sarahnamanurung,Sat Oct 21 03:39:37 +0000 2017,At Lawang Sewu ? https://t.co/ePidYNmELL
Run_ee,Sat Oct 21 03:33:31 +0000 2017,With Irene and Andy at Lot28 ? https://t.co/K2xVn7wk2b
TM_Yuni99,Sat Oct 21 03:16:11 +0000 2017,At Fak. Farmasi Universitas Wahid Hasyim ? https://t.co/SZofAXJHTb
havishyaardhya,Sat Oct 21 03:15:05 +0000 2017,"Baru saja mengirim foto @ Sampokong , Gedungbatu , Semarang https://t.co/wG5Ib1U1Ou"
RieskaRA_,Sat Oct 21 03:09:28 +0000 2017,??? @ Lawang Sewu Semarang https://t.co/lf8Gt3HbdM
Stmdlfh,Sat Oct 21 03:05:54 +0000 2017,Hutan Jati Mati ?? @ Cagar Alam Darupono Kendal https://t.co/05PQWctslp
ayudyaSD,Sat Oct 21 03:00:20 +0000 2017,At Klinik Estetika ? https://t.co/0vM8cS4eGE
ayudyaSD,Sat Oct 21 03:00:20 +0000 2017,At Klinik Estetika ? https://t.co/0vM8cS4eGE
Oytes_Omotu,Sat Oct 21 02:57:11 +0000 2017,"Just relieve ma previous ride.
With debuota .

.
#strava
#relive 
#cycling
#semarang
#banyumanik? https://t.co/TraCJiMhG1"
tjoea,Sat Oct 21 02:55:24 +0000 2017,"Last day of #IndonesiaCareerExpo in #MGSetos, #Semarang ?? Come and visit us, create your own? https://t.co/qPg1kDydmd"
4metZ,Sat Oct 21 02:52:40 +0000 2017,"First Trip Location @ Pagoda Avalokitesvara,Vihara Buddhagaya-Watugong https://t.co/uNN2YKLt0C"
Suci_Alder,Sat Oct 21 02:52:37 +0000 2017,?Tidak sepatutnya seseorang merasa aman tentang dua hal : kesehatan? https://t.co/2NyrcMtcT2
Dhika2524,Sat Oct 21 02:51:29 +0000 2017,Oalah dafuck minta gimana to pak. #sistemtemukembaliinformasi @ Rumah Sakit Elisabeth Semarang https://t.co/3XVF1lPOD6
dgoreinnamah,Sat Oct 21 02:46:38 +0000 2017,"Dalam masyarakat Cina, merah menjadi warna favorit dan memiliki arti. Merah melambangkan? https://t.co/QgIryj4m2Q"
VeryWibawa,Sat Oct 21 02:35:00 +0000 2017,At Poltekkes Kemenkes Semarang ? https://t.co/T9xTwzt1Uw
sendhiagustina,Sat Oct 21 02:34:54 +0000 2017,Karena tidak semua rasa bisa terucapkan. @ Curugsewu https://t.co/pdahb9wAyi
RaRatihSamboja,Sat Oct 21 02:34:02 +0000 2017,"Don't skip healthy breakfast ?
-jangan lewatkan sarapan sehat-
.
.
.
diet pake ice cream yuk ?? https://t.co/StaknrfFsL"
AscaArdian,Sat Oct 21 02:14:55 +0000 2017,"Jika kau tidak tahu dimana tempat rezekimu berada, jangan khawatir,? https://t.co/RvLHC2AKy1"
Reginaaa_,Sat Oct 21 02:09:58 +0000 2017,"With Panca, Shinta, and Zulyanto at Starbucks Ahmad Yani International Airport (SRG) ? https://t.co/ofenWqwpcK"
RieskaRA_,Sat Oct 21 01:54:44 +0000 2017,With Farid and Imam at Lawang Sewu ? https://t.co/AuCv23W0LM
mbokrawitsmg,Sat Oct 21 01:51:33 +0000 2017,Luur monggo dimanfaatken kesempatan ini luur.... Promo menarik dari Mbok Rawit... All geprek? https://t.co/ytxMebtbk8
SemarangID,Sat Oct 21 01:48:26 +0000 2017,"temperature up 21?C -&gt; 31?C
humidity down 99% -&gt; 67%
wind 2kmh -&gt; 1kmh"
yosiepraja1,Sat Oct 21 01:42:27 +0000 2017,With yenny at Poltekes Semarang [pic] ? https://t.co/YRLzGtltsM
moc_salim,Sat Oct 21 01:37:34 +0000 2017,"Masukkan kemulut,Kelum, gigit pelan-pelan. #Keluarkandidalam #terasanikmat https://t.co/70OC7YbDxf"
ArjunZzfm,Sat Oct 21 01:36:52 +0000 2017,"Sunrise bromo 
Bukan foto dari google ??
Solo Traveller
.
.
.
#Balikpapantraveller #bromo? https://t.co/pqBawtVZFy"
rickyaguswibowo,Sat Oct 21 01:27:47 +0000 2017,At Swalayan Aneka Jaya Sambiroto ? https://t.co/UYKA3NOEql
watie_guptadi,Sat Oct 21 01:17:46 +0000 2017,At Great Wall of China [pic] ? https://t.co/3YeNeEdcK2
sayfullan,Sat Oct 21 01:12:38 +0000 2017,Sisa senyum tadi malam... Terima kasih buat yang stay tune dan ramein siaran buka buka buku? https://t.co/bQcsj7ObCB
yosiepraja1,Sat Oct 21 00:50:09 +0000 2017,With yenny at SPBU UNDIP Tembalang ? https://t.co/cJuvDUn5LL
izhayy,Sat Oct 21 00:35:28 +0000 2017,"Bawa ini ke Cozee club

Jl Durian Raya, Ruko Segitiga Emas Kavling 4, Banyumanik Semarang? https://t.co/blWlgVxPga"
BaksoSetannn,Sat Oct 21 00:30:37 +0000 2017,"#Repost @bintanganggun (get_repost)
???
Ngga melulu pegang ibu hamil lah.. Sekali kali megang? https://t.co/G7b3ETltzA"
willaswasty,Sat Oct 21 00:28:19 +0000 2017,"Donat on the weekend ???
.
.
.
.
.
.
.
#happyweekend #donat? https://t.co/fK3CnH2m5n"
drnyol,Sat Oct 21 00:27:53 +0000 2017,Mencoba rutin @ Waduk Jatibarang Gunungpati Semarang https://t.co/QeXDjx2HCu
aguslike_movie,Fri Oct 20 23:55:51 +0000 2017,"Trail Xtreme
???
.
.
.

#photos #smile #sunday #photography #semarang #green #landscape? https://t.co/UjIBMGajX2"
terstiervy,Fri Oct 20 23:31:31 +0000 2017,With Nicken ?? at @cfofficial [vid] ? https://t.co/j8CXPwTVvS
aburamiza,Fri Oct 20 23:30:10 +0000 2017,"katakanlah Jazakallohu khayran 
#ucapandiberikebaikan #jazakallohukhoiron @ Karangmanyar,? https://t.co/tCYRqaWeUS"
amccomb23,Fri Oct 20 23:02:52 +0000 2017,I think this is the right car? @ Spongebob AdventuRe https://t.co/c0NKtnmvIv
boykevh,Fri Oct 20 22:58:51 +0000 2017,"With Vega, Aliando beken, and 2 others at @srg_ap1 ? https://t.co/8SZtQrg7te"
ismiyunanda75,Fri Oct 20 22:57:11 +0000 2017,"Masih belum berani coba?
#superrotisemarang #rotibekatulberasmerah #rotisehat #rotidiet? https://t.co/URLYieEXpB"
FarisPongki,Fri Oct 20 22:50:49 +0000 2017,Backstage sekarang lebih gila dari sebelumnya ?? @ Universitas Negeri Semarang [UNNES] https://t.co/Xn6oVZOHso
shandy_ku,Fri Oct 20 22:47:47 +0000 2017,With citra at @srg_ap1 ? https://t.co/pslncKdisJ
SemarangID,Fri Oct 20 22:17:24 +0000 2017,"current weather in Semarang: clear sky, 21?C
99% humidity, wind 2kmh, pressure 976mb"
dagienkz,Fri Oct 20 22:15:03 +0000 2017,Dulu waktu orok bokul kasetnyah. Maren jadi fokalernyah. Soale om Jon kemaluannya lagi di gigit? https://t.co/sf1r5p9uQw
SemarangID,Fri Oct 20 22:13:50 +0000 2017,"Semarang: 5:14am: sunrise
sunset will be at 5:31pm"
melindaafn,Fri Oct 20 21:50:08 +0000 2017,With Fenty Dwi at Masjid Agung Jawa Tengah (MAJT) ? https://t.co/x3G9FRzIXH
astrid_ratna,Fri Oct 20 21:38:11 +0000 2017,"Just posted a photo @ Ungaran, Jawa Tengah, Indonesia https://t.co/4xJqUgEc0c"
astrid_ratna,Fri Oct 20 21:32:40 +0000 2017,"Happy birthday Mi......panjang umur, sehat terus nggih, sabar sama Astrid yaaah....love you? https://t.co/tovPiQ3r9B"
hafidhsyifa,Fri Oct 20 21:12:19 +0000 2017,"Day 20 something missing
.
.
.
.
#inktober?
#inktober2017?
#inktoberid? https://t.co/YnPMhyebdZ"
villa_zhipha,Fri Oct 20 20:17:27 +0000 2017,"Karakter : SITI
Story : CHANGE
Made by me @villa_zhipha 
Without erasering. Without editing.? https://t.co/s4CRA3zk0X"
AnggietWyka,Fri Oct 20 18:53:38 +0000 2017,At Best Camp AW.id ? https://t.co/KesCyyoxtX
tomhankz,Fri Oct 20 18:26:30 +0000 2017,At E-Plaza [pic] ? https://t.co/nvcPxBoZWI
