LawangSewuSMG,Bangunan #lawangsewu bergaya art deco dan memiliki 2 menara kembar didepannya.
Fathuh_TooMore,"Stay ~
Because I want it, not because they hope it.
Just be happy and take it easy dude.
Hafe a Good Life ~ @ Lawang Sewu Semarang https://t.co/Zx1dj24lMt"
LawangSewuSMG,Skema Asli Lawang Sewu https://t.co/PZpPGRK1Zh
LawangSewuSMG,Locomotiv depan Lawang Sewu https://t.co/AgFQttpS9B
LawangSewuSMG,Blueprint Lawang Sewu https://t.co/yL3f4kBqDM
LawangSewuSMG,Basement Lawang Sewu https://t.co/ZEwaWB5F2f
UnnaMona,Everybody has their own fear. And my fear is if you do not exist. @ Lawang Sewu https://t.co/biAuSQe6OQ
LawangSewuSMG,Awalnya lawang sewu didirikan untuk digunakan sebagai Het Hoofdkantoor van de Nederlansch Indische Spoorweg Maatscappij (NIS)
LawangSewuSMG,"Lawang Sewu adalah salah satu bangunan bersejarah yang dibangun oleh pemerintahan kolonial Belanda, pada 27 Februari 1904."
rinaambarwati27,Hidup ini dapat menjadi petualangan yang menantang atau tidak berarti sama sekali. @ Lawang Sewu Semarang https://t.co/KRqoAxemKL
LawangSewuSMG,"lawang sewu dulu menjadi lokasi pertempuran yang hebat antara pemuda AMKA / Angkatan Muda Kereta Api melawan Kempetai dan Kidobutai, Jepang"
rinaambarwati27,"Semua pintu mempunyai 1 kunci untuk membuka dan menutupnya... kecuali pintu hati, dia punya 2 kunci: Pertama cinta untuk membuka dan kedua sakit hati untuk menutup . @ Lawang Sewu Semarang https://t.co/vVaOF5ZYpc"
rima_shawty,"One sign... thousands meaning ❣️
#LawangSewu #LawangSewuSemarang #WisataSemarang #OneThousandDoors #Beautiful #Building #BeautifulBuildings #Weekend #PictOftheDay #Red #Maroon #Purpke… https://t.co/901OVboI8x"
rima_shawty,"Still in here... Waiting for you 😊😊
#LawangSewu #LawangSewuSemarang #WisataSemarang #OneThousandDoors #Beautiful #Building #BeautifulBuildings #Weekend #PictOftheDay #Red #Maroon #Purpke… https://t.co/lb2E5GD2Rh"
LawangSewuSMG,Pada masa perjuangan gedung ini memiliki catatan sejarah tersendiri yaitu ketika berlangsung peristiwa Pertempuran lima hari di Semarang #lawangsewu
LawangSewuSMG,Tahukah kamu Lawang Sewu pernah dipakai sebagai Kantor Badan Prasarana Komando Daerah Militer (Kodam IV/Diponegoro)
LawangSewuSMG,sekarang Lawang Sewu dikelola oleh PT Kereta Api Indonesia #lawangsewuSMG
macaroniskutel,@rlthingy2 Ini Lawang sewu ya nder?
LawangSewuSMG,Bangunan kuno dan megah berlantai dua ini setelah kemerdekaan dipakai sebagai kantor Djawatan Kereta Api Repoeblik Indonesia (DKARI). #lawangsewu
rizky_1706,Dewekan ya teteg 😅😅 — di Lawang Sewu https://t.co/tot1AIVUo0
sugembleb,"Life is a beautiful ride. 
.
.
.
#bikelife
#tugumuda 
#lawangsewu
#dahon
#dahonboardwalk 
#idboardwalker 
#semarang @ Tugu Muda Semarang https://t.co/OFfFqa2Xc5"
LawangSewuSMG,Masyarakat setempat menyebutnya Lawang Sewu (Seribu Pintu) dikarenakan bangunan tersebut memiliki pintu yang sangat banyak.
EventSemarang,"Minggu pagi tadi menikmati udara segar dan kuliner Semarangan di Pasar Semarangan Tinjomoyo, terus mengunjungi eksotisnya Gedung Lawang Sewu dan masih banyak lagi destinasi wisata di… https://t.co/5m3NNfgW0u"
LawangSewuSMG,Lawang Sewu dibangun pada tahun 1904 dan selesai pada tahun 1907. Terletak di bundaran Tugu Muda yang dahulu disebut Wilhelminaplein.
LawangSewuSMG,"Lawang Sewu merupakan sebuah gedung di Semarang, Jawa Tengah yang merupakan kantor dari Nederlands-Indische Spoorweg Maatschappij atau NIS"
LawangSewuSMG,Old Picture of Lawang Sewu in 1930. #lawangsewufoto https://t.co/4NfTH3tHyc
LawangSewuSMG,Lawang Sewu tempo doeloe. Ada kereta api lewat juga di depannya. https://t.co/vPezFatPCU
amaliadiannr,"Saturday Night at Semarang

#lawangsewu #semarang #exploresemarang #sdnightlife @ Lawang Sewu https://t.co/GBdSQ5CxTa"
rischyramadhani,Buka jendela View nya langsung lawang sewu 😧
sugembleb,"#bikelife
#lawangsewu 
#semarang
#shotoniphone @ Semarang, Indonesia https://t.co/lCsVjXh3tK"
LawangSewuSMG,"Menurut catatan sejarah, 5 Pegawai AMKA dipancung di area Lawang sewu pada masa revolusi '45"
Arie_Fathur,#nocaptionneeded @ Lawang Sewu https://t.co/BVUzVlhUgZ
Candywulan,"Hiduplah seperti mengambil gambar, ambil yang baik, hapus yang buruk eaaaa~

#lawangsewu #semarang @ Lawang Sewu https://t.co/Zm4FqdnufE"
puguhariel14,"@ditut Semarang semarang, kita gambar lawang sewu atau gereja blenduk yuk"
pakdeyudi,"Mbukak jendela, pas view ne Lawang Sewu. Wis mbuh ah, padahal sesuk esih sewengi meneh."
hannardh,That's not an optical illusion. Trust me. @ Lawang Sewu https://t.co/IQ8k5wWcMb
Nune_dn,"You have right time to visit! 
You have own way to achieve. 

Location:  lawang Sewu,  Semarang,  Jawa Tengah
Taken and edited by ke @Nune_dn 

#semarang #zettainidekita #centraljava @… https://t.co/htwbqNRr0D"
LawangSewuSMG,"Terletak di sisi Timur TuguMudaSMG (Wilhelminaplein), atau di sudut Jl. Pandanaran dan Jl. Pemuda #LawangSewu https://t.co/jRMiua0ZXm"
LawangSewuSMG,"Di lantai tiga #lawangsewu, ada ruangan besar berjendela yg dulu djadikan tmpt olahraga bgi pegawai NIS. Aula ini dilengkapi dengan toilet."
